<?xml version="1.0" encoding="UTF-8"?>
  <kulture>
    <kultura id="2">
      <naziv>Pšenica</naziv>
      <regija>Slavonija</regija>
      <opis>Hrvatska je značajan proizvođač pšenice, posebno u kontinentalnom dijelu zemlje.</opis>
      <OPG>200</OPG>
    </kultura>
    <kultura>
      <naziv id="2">Kukuruz</naziv>
      <regija>Slavonija</regija>
      <opis>Kukuruz je važna kultura u Hrvatskoj, posebno u Slavoniji.</opis>
      <OPG>300</OPG>
    </kultura>
    <kultura id="2">
      <naziv>Suncokret</naziv>
      <regija>Slavonija</regija>
      <opis>Uzgaja se uglavnom u Slavoniji i Baranji.</opis>
      <OPG>300</OPG>
    </kultura>
    <kultura id="2">
      <naziv>Šećerna repa</naziv>
      <regija>Slavonija</regija>
      <opis>Hrvatska ima nekoliko šećerana, a šećerna repa se uzgaja u Slavoniji.</opis>
      <OPG>200</OPG>
    </kultura>
    <kultura id="2">
      <naziv>Kruške</naziv>
      <regija>Slavonija</regija>
      <opis>Kruške su sočno voće s različitim sortama poput viljamovke, karmine, konferencije itd.</opis>
      <OPG>123</OPG>
    </kultura>
    <kultura id="2">
      <naziv>Trešnje</naziv>
      <regija>Centralna HRV</regija>
      <opis>Trešnje su slatko voće koje se uzgaja u sortama poput bing, napoleon, maraska itd.</opis>
      <OPG>231</OPG>
    </kultura>
    <kultura id="2">
      <naziv>Jabuke</naziv>
      <regija>Centralna HRV, Slavonija</regija>
      <opis>Jabuke su popularno voće koje se uzgaja u različitim sortama, kao što su zlatni delišes, idared, jonagold itd.</opis>
      <OPG>421</OPG>
    </kultura>
    <kultura id="2">
      <naziv>Rajčice</naziv>
      <regija>Slavonija</regija>
      <opis>Rajčice su popularno povrće koje se uzgaja u različitim sortama, uključujući cherry, roma, beefsteak itd.</opis>
      <OPG>321</OPG>
    </kultura>
    <kultura id="2">
      <naziv>Paprike</naziv>
      <regija>Slavonija</regija>
      <opis>Paprike se uzgajaju u različitim oblicima, kao što su crvena, zelena, žuta paprika, ali i ljute sorte poput čili paprike.</opis>
      <OPG>532</OPG>
    </kultura>
    <kultura id="3">
      <naziv>Graševina</naziv>
      <regija>Slavonija,Podunavlje</regija>
      <opis>Graševina je internacionalna sorta grožđa koju osim u Hrvatskoj uzgajaju i u brojnim drugim zemljama središnje i istočne Europe. Vinari i vinogradari rado je sade jer je rodna i otporna na bolesti, a usto daje i ujednačene prinose iz godine u godinu.</opis>
      <OPG>564</OPG>
    </kultura>
    <kultura id="3">
      <naziv>Malvazija istarska</naziv>
      <regija>Istra</regija>
      <opis>Bujna je i rodna, a daje većinom grožđe od kojega se rade srednje jaka ili jaka vina s visokim postotkom alkohola, umjerenim kiselinama te aromama cvijeća i voća.</opis>
      <OPG>232</OPG>
    </kultura>
    <kultura id="3">
      <naziv>Plavac mali</naziv>
      <regija>Dalmacija</regija>
      <opis>Plavac mali kao sorta može dati jaka vina visoke razine alkohola, bogata okusima, ali i laganija i voćna vina koja su najčešće i prihvatljivoga cjenovnog ranga.</opis>
      <OPG>196</OPG>
    </kultura>
    <kultura id="4">
      <naziv>Maslinovo Ulje</naziv>
      <regija>Dalmacija,Istra</regija>
      <opis>Maslinovo ulje bogato je prirodnim antioksidansima, ponajprije zelenim klorofilom i žutim beta karotenom. </opis>
      <OPG>150</OPG>
    </kultura>
    <kultura id="4">
      <naziv>Suncokretovo Ulje</naziv>
      <regija>Dalmacija</regija>
      <opis>Svojim blagim okusom i mirisom obogaćuje gotova jela, a da pri tome ne narušava njihov okus. Preporučuje se za kuhanje, pečenje, prženje, kao i za pripremu svih vrsta hladnih jela. </opis>
      <OPG>243</OPG>
    </kultura>
    <kultura id="5">
      <naziv>Goveda</naziv>
      <regija>Slavonija</regija>
      <opis>Odjel za govedarsku proizvodnju i tržište prati i provodi provedbu propisa u području zootehnike i organizacije tržišta mlijeka i goveđeg mesa te priprema prijedloge propisa za usklađivanje nacionalnog zakonodavstva s pravnom stečevinom EU</opis>
      <OPG>94</OPG>
    </kultura>
    <kultura id="5">
      <naziv>Svinje</naziv>
      <regija>Slavonija</regija>
      <opis>Za kvalitetnu domaću šunku, kulen, slaninu, kobasice, čvarke i svinjsku mast važno je odabrati određene pasmine ili križance, imati kvalitetnu hranidbu i što prirodnije uvjete držanja. </opis>
      <OPG>124</OPG>
    </kultura>
    <kultura id="5">
      <naziv>Ovce</naziv>
      <regija>Centralna HRV,Istra</regija>
      <opis>Ovčarstvo je izrazito rasprostranjena grana stočarstva te se ovce mogu naći na svim kontinentima osim Antartike. Važnost ovčarstva varira ovisno o pojedinim zemljama te su osobito važne u siromašnijim zemljama s ekstenzivnom poljoprivrednom.</opis>
      <OPG>141</OPG>
    </kultura>
    <kultura id="5">
      <naziv>Perad</naziv>
      <regija>Velika rasprostranjenost</regija>
      <opis>Veliki broj uzgajivača u proizvodnji mesa i jaja peradi koristi već postojeće pasmine, osobito dvije hrvatske izvorne pasmine peradi. To su kokoš hrvatica i zagorski puran. Osim njih, koriste se još neke koje se dugi niz godina uzgajaju u Hrvatskoj i trenutno se radi na njihovom priznavanju.</opis>
      <OPG>407</OPG>
    </kultura>
    <kultura id="6">
      <naziv>Brancina</naziv>
      <regija>Dalmacija,Istra</regija>
      <opis>Europski brancin živi prvenstveno u moru, ali povremeno se probije u slatke vode. Njegova popularnost kao prehrambena riba osigurala je da ima mnogo načina pripreme u različitim zemljama u kojima se konzumira.</opis>
      <OPG>532</OPG>
    </kultura>
    <kultura id="6">
      <naziv>Pastrva</naziv>
      <regija>Centralna HRV</regija>
      <opis>Ribogojilište se nalazi na izvoru potoka ”Kupčina” koji opskrbljuje uzgajalište bistrom vodom I. kategorije.Kvaliteta vode, visoka tehnologija uzgoja, stručno znanje te kontinuirani rad i upornost rezultiralo je iznimno visokom kvalitetom pastrve koju već dugi niz godina uspješno plasiramo na domaće tržište.</opis>
      <OPG>45</OPG>
    </kultura>
    <kultura id="6">
      <naziv>Tuna</naziv>
      <regija>Dalmacija,Istra</regija>
      <opis>Tuna se lovi kružnom mrežom plivaricom. Većina tune u Jadranu uhvati se kod otoka Jabuke. Tu je more duboko, morske struje nose plankton, te je dosta sitne plave ribe za kojom se tuna kreće.</opis>
      <OPG>30</OPG>
    </kultura>
  </kulture>
